3280632060,activity
3284248330,activity
2539961154,activity
1919688583,activity
3338428590,activity
3061272271,activity
2579189554,activity
1313782921,activity
2826192160,activity
1907621492,activity
3141356561,activity
1668402995,activity
2643091105,activity
3099373453,activity
2322489690,activity
1569721657,activity
2018111394,activity
1790597487,activity
1731947080,activity
3174712104,activity
2724170533,activity
3207699904,activity
1864220464,activity
1642482194,activity
2129337497,activity
2049389352,activity
2034544691,activity
3740431991,activity
2482490592,activity
1957188991,activity
3517480434,activity
1670174702,activity
1113218211,activity
2536339640,activity
2062471895,activity
2880482022,activity
2527612401,activity
3428300282,activity
2637337657,activity
3722763872,activity
3180895540,activity
1085450104,activity
2967542363,activity
2782314800,activity
1751957751,activity
2241892802,activity
2707908430,activity
3320551031,activity
1829436625,activity
2607283635,activity
1680484845,activity
2547006347,activity
2259264554,activity
3002462734,activity
2722474043,activity
3380749100,activity
2702377141,activity
1898987134,activity
3333840022,activity
2179240724,activity
3184330371,activity
2140258534,activity
1500856982,activity
2446327682,activity
2360016402,activity
2449488400,activity
1911755835,activity
1338667624,activity
2445299397,activity
1210732165,activity
3710858321,activity
3047526805,activity
3743949060,activity
2314668325,activity
1942473263,activity
2416380664,activity
3594470405,activity
3130859913,activity
1824298652,activity
2830695523,activity
2871597180,activity
2684160970,activity
1762543065,activity
2155287920,activity
3321888410,activity
3166475981,activity
1829433375,activity
2487766090,activity
1878357665,activity
3098759374,activity
1789501184,activity
3769487603,activity
1910735460,activity
1098032475,activity
2375866212,activity
2706038973,activity
2805567924,activity
2590747532,activity
2651321633,activity
1904509451,activity
1296171982,activity
1689041330,activity
3202398367,activity
3433855110,activity
1664971205,activity
2148265890,activity
3287212532,activity
3673340752,activity
3513854675,activity
2514912380,activity
2441391907,activity
3206764310,activity
0,activity
3490146475,activity
2830979897,activity
3288485437,activity
1965681503,activity
1219097704,activity
2639069033,activity
3730530440,activity
2757469147,activity
2051192361,activity
1829417897,activity
2031575803,activity
3257522551,activity
1980462825,activity
1878327045,activity
3553337067,activity
1788567773,activity
1760341084,activity
3267579392,activity
2032768481,activity
1758061625,activity
2100508632,activity
2960021133,activity
3654214277,activity
1767620292,activity
3206369900,activity
2816792060,activity
2781765574,activity
2797183400,activity
2434506170,activity
3304648461,activity
3218752233,activity
1853909971,activity
1835200091,activity
1999051683,activity
2153270810,activity
2550598044,activity
2804506181,activity
3675463351,activity
3671914655,activity
1634600000,activity
3178212720,activity
3023668061,activity
3365355414,activity
2852987673,activity
2505952710,activity
2131404713,activity
1409871493,activity
1590290167,activity
3761639185,activity
2792335687,activity
2028142297,activity
1143364645,activity
2346780085,activity
1268640445,activity
2781906582,activity
2634044683,activity
2396903650,activity
2687350783,activity
3512943465,activity
3294628270,activity
3730489082,activity
2332355245,activity
1732050982,activity
2571202611,activity
2230249757,activity
2414956597,activity
1580275663,activity
1751158793,activity
2790102741,activity
2176519174,activity
2711987451,activity
1732028971,activity
3756223403,activity
2197105714,activity
2811415872,activity
1984762693,activity
2057615612,activity
3309678774,activity
1793546503,activity
2309117501,activity
3176993413,activity
1795504674,activity
1812173663,activity
2651508144,activity
1218785431,activity
2405122327,activity
3201049184,activity
2662574693,activity
2665828683,activity
2462652792,activity
2792654271,activity
3174257817,activity
1933687544,activity
3269985290,activity
2916504362,activity
2805688640,activity
2566928273,activity
1871094877,activity
1921779591,activity
2588619543,activity
2960538133,activity
2537274757,activity
2312647630,activity
3097939193,activity
2656659191,activity
3641616634,activity
1725364513,ip
1623970184,ip
3282283084,ip
3685615842,ip
1851524785,ip
1677991972,ip
3178597524,ip
2112469561,ip
1757723587,ip
1048170691,ip
1742039117,ip
3564008127,ip
1774006332,ip
2241191291,ip
2299820580,ip
1792702427,ip
1450802503,ip
2231624585,ip
2671696865,ip
2383807032,ip
1553416024,ip
1043320390,ip
2714693260,ip
2812811420,ip
2443791481,ip
2291724690,ip
1807136625,ip
2182537064,ip
2529516745,ip
2167256841,ip
1600363822,ip
1779744180,ip
2456273542,ip
2281122894,ip
1682207150,ip
3075537743,ip
1743757504,ip
2163081475,ip
1817090292,ip
1274501412,ip
1969348660,ip
1922605332,ip
2165002524,ip
1770882792,ip
2245075615,ip
2099079752,ip
2253541147,ip
2814680487,ip
2865438833,ip
2369229754,ip
2426551695,ip
1785550112,ip
1251186131,ip
1946307653,ip
2810373291,ip
1732625303,ip
2679913493,ip
1760808860,ip
1721030600,ip
3073425523,ip
2512574061,ip
2050280313,ip
1562412693,ip
1847251991,ip
1040445513,ip
1680593257,ip
2951660800,ip
2479311342,ip
3696809542,ip
1835708390,ip
1223250145,ip
2703153040,ip
1925753591,ip
1904801157,ip
2219227283,ip
1656831930,ip
1751630911,ip
1712318565,ip
1627601305,ip
2046679575,ip
2095397374,ip
1782599645,ip
1885240921,ip
1193725273,ip
1713066300,ip
2751697454,ip
2356423042,ip
2049360735,ip
1915601347,ip
2690769043,ip
2111318584,ip
2671109275,ip
2042284561,ip
2544162414,ip
1784681935,ip
1994955825,ip
2167491124,ip
2095194497,ip
1719803177,ip
2371775967,ip
1991590043,ip
1856293142,ip
3085792217,ip
1639940280,ip
2658187670,ip
1772961833,ip
2079320107,ip
2152382245,ip
1936786305,ip
1860792194,ip
1664798221,ip
1714915392,ip
2653929083,ip
2034961660,ip
2299708482,ip
2288577367,ip
1822048460,ip
2714376390,ip
1774698101,ip
2464779113,ip
2644374227,ip
1751363722,ip
1934726467,ip
1826031033,ip
3227833403,ip
1807149297,ip
2602484450,ip
2682630973,ip
1701045553,ip
1007031920,ip
2293429280,ip
2258727970,ip
2717762443,ip
2140645183,ip
2093778914,ip
1750016637,ip
3743942141,ip
2155979683,ip
1803592394,ip
1843770501,ip
1097201945,ip
2601174871,ip
1732270580,ip
2812015243,ip
2359227113,ip
1762811743,ip
2609949647,ip
2398212401,ip
1769480957,ip
1772525193,ip
3200807664,ip
1660612723,ip
2542346700,ip
2699566192,ip
1715699120,ip
1686524201,ip
2357186180,ip
2838765250,ip
2163911561,ip
3176068101,ip
2325663301,ip
1664176597,ip
2147818080,ip
1919813345,ip
2714169800,ip
2342318502,ip
1895300977,ip
3082732270,ip
2219088342,ip
2032139271,ip
2011202862,ip
2712046621,ip
1732370473,ip
3223625637,ip
1390408777,ip
1597256362,ip
2180346750,ip
1949218892,ip
1856757001,ip
2092477712,ip
1765148101,ip
2697416452,ip
1758047187,ip
2302241220,ip
3479290910,ip
2670125917,ip
1731169267,ip
1662766362,ip
2522819830,ip
2600965682,ip
1660452532,ip
2097225683,ip
2255811735,ip
1784905827,ip
3179718315,ip
2376534624,ip
2826722590,ip
1890826225,ip
2313896275,ip
2276631270,ip
3263610554,ip
2606908714,ip
2115980191,ip
2720799350,ip
1558148043,ip
2259401900,ip
2692988203,ip
1829511831,ip
3587983525,ip
3200501905,ip
2183752542,ip
2385565982,ip
1772307625,ip
3213840660,ip
2728126357,ip
2370595470,ip
1779872241,ip
2342024544,ip
2099181812,ip
2520305204,ip
2309846073,ip
2169847277,ip
2700892922,ip
1749583244,ip
2678558641,ip
2155155690,ip
2609182255,ip
1496814565,ip
1251103863,ip
1764655520,ip
1792634467,ip
2291424952,ip
2928314822,ip
2948416882,ip
1642605821,ip
2843545905,ip
1943063217,ip
1970643633,ip
1798924192,ip
2759782045,ip
3733394302,ip
1722022490,ip
1990139112,ip
2846622504,ip
2256231983,ip
3436345112,ip
2610987123,ip
2560339090,ip
3486619061,ip
1699258907,ip
2291426140,ip
3464558270,ip
3745754233,ip
2908540280,ip
2512591982,ip
1232121710,ip
2556194891,ip
2137637745,ip
2650922794,ip
2192946820,ip
2352294562,ip
2649443551,ip
1898770604,ip
3235700682,ip
2268603763,ip
3228640520,ip
2211618755,ip
3633542200,ip
1762509182,ip
1780417033,ip
1765870915,ip
1410551071,ip
3520221972,ip
1771257825,ip
2071481047,ip
2368678562,ip
1742987084,ip
1972612492,ip
2714197484,ip
2010434152,ip
1772587761,ip
1702783184,ip
1982302607,ip
2368840031,ip
1827338507,ip
2640113513,ip
1687445053,ip
2745148953,ip
2719108137,ip
2713155842,ip
2986945202,ip
1301904252,ip
1768706114,ip
2231313825,ip
1742170523,ip
1750358910,ip
1669764455,ip
2706007324,ip
2281386844,ip
1874458490,ip
2794311682,ip
1956700750,ip
2649064271,ip
2806842024,ip
2173239585,ip
1890054935,ip
2720880354,ip
1745573472,ip
2097390535,ip
1893752581,ip
1794998604,ip
2419655484,ip
2645158631,ip
1667999147,ip
1761920103,ip
2792589472,ip
1777011937,ip
2743526365,ip
2470017754,ip
2654316627,ip
1973156287,ip
2239707804,ip
2275461737,ip
1380338730,ip
1863619513,ip
3347211090,ip
1761893284,ip
3200285974,ip
2095326403,ip
1875931727,ip
2344045620,ip
2886211632,ip
1914880192,ip
1900029290,ip
1730374903,ip
2457647460,ip
2167938724,ip
3712476982,ip
2865065844,ip
1772939133,ip
1706990813,ip
1720962692,ip
2714191274,ip
2604123624,ip
2376438234,ip
1949205784,ip
1248503630,ip
1917261090,ip
1734779232,ip
3142263434,ip
2252105684,ip
2459050121,ip
1808824352,ip
2675389113,ip
2308890232,ip
3490032337,ip
3293152604,ip
1795604305,ip
3739769297,ip
1410717760,ip
2141115767,ip
1762537014,ip
2627047967,ip
2428102470,ip
1075895090,ip
2712297332,ip
1919194445,ip
1703371307,ip
1650928622,ip
1978474577,ip
2835838151,ip
1862929910,ip
2230285313,ip
1274198195,ip
2562810123,ip
1817193747,ip
2629834370,ip
3154810532,ip
2977968490,ip
1855335174,ip
1506085847,ip
2650779050,ip
2093964404,ip
2057769762,ip
2163484125,ip
3276536134,ip
2327726091,ip
2071385935,ip
1747534564,ip
1700720163,ip
1948586497,ip
2614293032,ip
2491013111,ip
2599821592,ip
1918021250,ip
1850398392,ip
1968863541,ip
2521277214,ip
2692215663,ip
2135757312,ip
1562234952,ip
2147570223,ip
2184728493,ip
1567852087,ip
1760522064,ip
2606947462,ip
2806749204,ip
1984487122,ip
1889839497,ip
1599102507,ip
1824398837,ip
1735373401,ip
1654750387,ip
2167446614,ip
3315542331,ip
3146933417,ip
2363412911,ip
2534616035,ip
1865020512,ip
2185074745,ip
1039916297,ip
2212612693,ip
3314122973,ip
1395361813,ip
1739678902,ip
2557159075,ip
1938523582,ip
2563861705,ip
1805244774,ip
1782401325,ip
3730587825,ip
2452748154,ip
2419260745,ip
1791527110,ip
2810078010,ip
1636339534,ip
1628001605,ip
1953499777,ip
2693773791,ip
2607788674,ip
3673530345,ip
1928272535,ip
1223354542,ip
2049998295,ip
1802470101,ip
2162418640,ip
1642292081,ip
2131445654,ip
2715361774,ip
2558476075,ip
2139885703,ip
3693128121,ip
1285888550,ip
1932066331,ip
3381670470,ip
2413523023,ip
2011796120,ip
2675655645,ip
1680599832,ip
2656396281,ip
1784157611,ip
1657914910,ip
2610972707,ip
1750935105,ip
1753013331,ip
1830160991,ip
2248449693,ip
1708763410,ip
2266497550,ip
1496863785,ip
3229519360,ip
1609734732,ip
2586264534,ip
2941088664,ip
1991053387,ip
1701451755,ip
3040650715,ip
3434618720,ip
3002847684,ip
1995786393,ip
1742987497,ip
2033640260,ip
1613451640,ip
1897523743,ip
2609107543,ip
2247271993,ip
3329690362,ip
1706425142,ip
2305049812,ip
2897421890,ip
2108922361,ip
2178873962,ip
1957394641,ip
2885635054,ip
2256502031,ip
1791121141,ip
2655485361,ip
1931238691,ip
3224030242,ip
1880025411,ip
1914179515,ip
1935298211,ip
1693054775,ip
1793000440,ip
3740459521,ip
1870415713,ip
1745672951,ip
2640541444,ip
1920509052,ip
2698668683,ip
2108529020,ip
1497337850,ip
2104542552,ip
2553130671,ip
2370201010,ip
2549191743,ip
2091729290,ip
1663073073,ip
1649173367,ip
1799976244,ip
1779683880,ip
1636356690,ip
1899950161,ip
2129082934,ip
2778135121,ip
1798729361,ip
1912150611,ip
2451549504,ip
2606925632,ip
1580748191,ip
1530239792,ip
1729656650,ip
1745231053,ip
2306420885,ip
1890599043,ip
1770103412,ip
2505699604,ip
2385663704,ip
2075636451,ip
2569307504,ip
1948662260,ip
2892425653,ip
2667708531,ip
1932727292,ip
1626112207,ip
1783331515,ip
1775653344,ip
3317102450,ip
2452381095,ip
3538621574,ip
1768676004,ip
1547786362,ip
1887259304,ip
2814028695,ip
1886370740,ip
1051313923,ip
2244525523,ip
1731868940,ip
1875646961,ip
2850021120,ip
1945570091,ip
2773520254,ip
1807128011,ip
2096538335,ip
2710123562,ip
1649252577,ip
1957542823,ip
2351408470,ip
2689616303,ip
2862422604,ip
2115672153,ip
2711270031,ip
1594189303,ip
3337223132,ip
1949194442,ip
1896725787,ip
3127632077,ip
2302985255,ip
2347602584,ip
2056902212,ip
2610949163,ip
2426243971,ip
3567115033,ip
2840015352,ip
1733437171,ip
1713926427,ip
2143144905,ip
2517551144,ip
3197077575,ip
1978875447,ip
1901967554,ip
1498135555,ip
1282647401,ip
1965037477,ip
2812986450,ip
2610344707,ip
1833538627,ip
1732523361,ip
2736744111,ip
1772493252,ip
2127387194,ip
3486842964,ip
1915671961,ip
1976900157,ip
2601069682,ip
2410424073,ip
1983693223,ip
1995839643,ip
1934312014,ip
2277435630,ip
2889743113,ip
1550953300,ip
2838282953,ip
2114136394,ip
2178519037,ip
2971207674,ip
1863953494,ip
1738548710,ip
1782787780,ip
3168320635,ip
2523837284,ip
1882838141,ip
2054307747,ip
1860019112,ip
2508981725,ip
2424097104,ip
2580592100,ip
1268398393,ip
1406387602,ip
2147283903,ip
2818377462,ip
1691507817,ip
3008744120,ip
1850626161,ip
2179686555,ip
1697247850,ip
1890157630,ip
1762712577,ip
2340064857,ip
2598655155,ip
1667480033,ip
1884519775,ip
1347849157,ip
1784827665,ip
3171944275,ip
2433262460,ip
2302730142,ip
1765678631,ip
1068246700,ip
1895250515,ip
2647560614,ip
2016581283,ip
1215148552,ip
2236625950,ip
1863595250,ip
2887574582,ip
2151944960,ip
1373968290,ip
2696448891,ip
1974808274,ip
1787567623,ip
2634253732,ip
2268291041,ip
1678065052,ip
2373272160,ip
3621063125,ip
2030301832,ip
2213859044,ip
1644291782,ip
2026999797,ip
2129365744,ip
1905323533,ip
2307417370,ip
2709263913,ip
2254142164,ip
1738004582,ip
2912610540,ip
2267109214,ip
1687695957,ip
2713675280,ip
2945115864,ip
1721917670,ip
2847819951,ip
2133786011,ip
2812057063,ip
2689602331,ip
1065618283,ip
3226027993,ip
1778903223,ip
1195397063,ip
2594527170,ip
2902786804,ip
2033447445,ip
2439868954,ip
2714125974,ip
2004828410,ip
1893377101,ip
2919526575,ip
3549064187,ip
2470360590,ip
1635630611,ip
2297326874,ip
2216032500,ip
2645942803,ip
3250943491,ip
3007422975,ip
2677966880,ip
1728085193,ip
2144326371,ip
1885157511,ip
2742198801,ip
1668928944,ip
1341902602,ip
2021410767,ip
1655238055,ip
1970189254,ip
2072712721,ip
2811253290,ip
1866729943,ip
1887166332,ip
3335104270,ip
1270109071,ip
2259510210,ip
2525636520,ip
2080803011,ip
3104863505,ip
3461350924,ip
2808458404,ip
2530520950,ip
3195941251,ip
2185636134,ip
2048697604,ip
2305056670,ip
2538338361,ip
1659791311,ip
2921223660,ip
2188202475,ip
1655526104,ip
1662188103,ip
2840768610,ip
2978537903,ip
1657430300,ip
2797452584,ip
3553487927,ip
3229916011,ip
1779742244,ip
1333402921,ip
2817300225,ip
1920384643,ip
2259780695,ip
2543873754,ip
2296757282,ip
1933565760,ip
2684939084,ip
3098761573,ip
1996596531,ip
1726544024,ip
1854387771,ip
3290610224,ip
1937376377,ip
2881033212,ip
1763171282,ip
2680991323,ip
2667708713,ip
2363158430,ip
2703762321,ip
1870002657,ip
1829466782,ip
2264033462,ip
2048774442,ip
2296721687,ip
1919694677,ip
3209926837,ip
3269332593,ip
1771095885,ip
1952596317,ip
1642566747,ip
1781869002,ip
1771319462,ip
1662558237,ip
2137150353,ip
1826763567,ip
3429351802,ip
1660646684,ip
2090683994,ip
1910019822,ip
2689597863,ip
2241191261,ip
2252819972,ip
1792216204,ip
2453877055,ip
2655680961,ip
2630225423,ip
2370207602,ip
2231713087,ip
1326410461,ip
2635345132,ip
1615113231,ip
1750917493,ip
1984329291,ip
2155240430,ip
1875034341,ip
1900661044,ip
3020618803,ip
1750349192,ip
2134913704,ip
2146892831,ip
1671068657,ip
2683878293,ip
1823630913,ip
2337358044,ip
1775652011,ip
1730461780,ip
2505890923,ip
2693410224,ip
1307958483,ip
2774905435,ip
1774584805,ip
2773848507,ip
1652484947,ip
2474596487,ip
1769572821,ip
3103604883,ip
1820845222,ip
1779409587,ip
1497087080,ip
2339825324,ip
1872952150,ip
2569975474,ip
1905912064,ip
1803905955,ip
3243477297,ip
2255860354,ip
2693883292,ip
2608983667,ip
1109706135,ip
1699540307,ip
1770158085,ip
3634470341,ip
2697149571,ip
2662365471,ip
1649159940,ip
2301726604,ip
2482557597,ip
3365810364,ip
2891529877,ip
3595413087,ip
1581544960,ip
1875436151,ip
2145494291,ip
2488492271,ip
2629448114,ip
1895254871,ip
2799724554,ip
1256970057,ip
1306941777,ip
2024720053,ip
2043228245,ip
1951377252,ip
2128524603,ip
1834100153,ip
3699432820,ip
3042094223,ip
1782871497,ip
1604902135,ip
2432009827,ip
1904098061,ip
1752384584,ip
1045752334,ip
1763222747,ip
1973576367,ip
1630461754,ip
1912115495,ip
2776631980,ip
2696525970,ip
1258256457,ip
2837606470,ip
2493678981,ip
1642512402,ip
2710739767,ip
2136156505,ip
2245716425,ip
2962345983,ip
2004832461,ip
2921221690,ip
2348810497,ip
1748574414,ip
1761674560,ip
2154597573,ip
1887922683,ip
1820399584,ip
1746865487,ip
1919407127,ip
2730857500,ip
3743321781,ip
1651422324,ip
2411033993,ip
1689729640,ip
1750195003,ip
2324962515,ip
1604916190,ip
1689575103,ip
1948490201,ip
2593599155,ip
2728296497,ip
1661598840,ip
2780297340,ip
1713458220,ip
3162600794,ip
1894091913,ip
1798913834,ip
2653765122,ip
2300716454,ip
3097688767,ip
1410462245,ip
1971537652,ip
2702688943,ip
1882202577,ip
1975995305,ip
2827050962,ip
2490083212,ip
2856950132,ip
1344730204,ip
1763714182,ip
1702833725,ip
1763276065,ip
1691810950,ip
2373007604,ip
1885996780,ip
1774139105,ip
1981833634,ip
1939861572,ip
2075547583,ip
2489846930,ip
2931161010,ip
1807327944,ip
2714190874,ip
2744623980,ip
2092250907,ip
2771032387,ip
1680198782,ip
1612926704,ip
1717696667,ip
2546139390,ip
1249424622,ip
2712557221,ip
1680078915,ip
1797279194,ip
2760296044,ip
1557356165,ip
2905975967,ip
2408289682,ip
2761569924,ip
2976376993,ip
2097024354,ip
2576852154,ip
2571207684,ip
1676910563,ip
2024538663,ip
1930962797,ip
1510400255,ip
3088465151,ip
1955302374,ip
2302591120,ip
2700756232,ip
1830325932,ip
3042286541,ip
1839100883,ip
1796542650,ip
2238102000,ip
2509914792,ip
1744234490,ip
2141934923,ip
1053953693,ip
2516136534,ip
2424798553,ip
1671526850,ip
2805955370,ip
2787852095,ip
1524264517,ip
2719969734,ip
2438914927,ip
2684198912,ip
2692072071,ip
1653605053,ip
1647249081,ip
2416521620,ip
2679704014,ip
1843443790,ip
1398613133,ip
2047893792,ip
1756405943,ip
2259732045,ip
1839666955,ip
1693789511,ip
2080972171,ip
2696049583,ip
1774259814,ip
1779681060,ip
1652194081,ip
1698857957,ip
1717871843,ip
2167502064,ip
3241319394,ip
1785934112,ip
2146171063,ip
1912825220,ip
1557279470,ip
2642853042,ip
1084443194,ip
1544593902,ip
1039039655,ip
2239082677,ip
1576214400,ip
1824315702,ip
2302787264,ip
2006118263,ip
2711296515,ip
1670621601,ip
3221383194,ip
2302683070,ip
2755394563,ip
2382591024,ip
2723391942,ip
2892058233,ip
1773655610,ip
2168331881,ip
2238538723,ip
1431265365,ip
1624546407,ip
2646922507,ip
2268916473,ip
1664038455,ip
3460516424,ip
1714477061,ip
1334204524,ip
3306279953,ip
1667038647,ip
1644948230,ip
1887479702,ip
1886419032,ip
2507912842,ip
2083844833,ip
2620142750,ip
2964207572,ip
2846431304,ip
2799066273,ip
2711369471,ip
1734658782,ip
1806128454,ip
1702549133,ip
2012565615,ip
2998094161,ip
3042027813,ip
2917292154,ip
1802025651,ip
1883332187,ip
1885689863,ip
2057074025,ip
3567056502,ip
2865004030,ip
1653957693,ip
2454573323,ip
2093811483,ip
1910695630,ip
2815097234,ip
1774876042,ip
1764856032,ip
1628669597,ip
2268401155,ip
1760327354,ip
3034613404,ip
1686788803,ip
1860385220,ip
1714723122,ip
2166792032,ip
2457060360,ip
1182389073,ip
1801817195,ip
1697601814,ip
2804232901,ip
2373663235,ip
3707934483,ip
1253887092,ip
1722628512,ip
2356884831,ip
2195600811,ip
1846075301,ip
1744491812,ip
2823598340,ip
1774586942,ip
2789169452,ip
2294409121,ip
2701583622,ip
2101850115,ip
1783199611,ip
1761200630,ip
3170815667,ip
1947244304,ip
2714257590,ip
1371675920,ip
2128372947,ip
2737024117,ip
1774233181,ip
1567924170,ip
3268328777,ip
1766575621,ip
2335397022,ip
2144808491,ip
2469167903,ip
1180841983,ip
2013756714,ip
1607939300,ip
1994228404,ip
2646963635,ip
3129516717,ip
1291152165,ip
1879172424,ip
1895548877,ip
1782070127,ip
2344055361,ip
3561737261,ip
2648728371,ip
1950767830,ip
1915621693,ip
1689974542,ip
1625962955,ip
1645578093,ip
2502653563,ip
2681720122,ip
2132734472,ip
1929638045,ip
1655444627,ip
2817449840,ip
3484306630,ip
2373286762,ip
1808475507,ip
2846095602,retweet
2370395510,retweet
2056482544,retweet
1197161814,retweet
2367294983,retweet
1965556845,retweet
1863501524,retweet
2409859653,retweet
2154580217,retweet
2202972531,retweet
1412758841,retweet
1100678467,retweet
2043123631,retweet
3042263427,retweet
1765131935,retweet
2537882762,retweet
1628860034,retweet
1449876044,retweet
2664083910,retweet
3731651364,retweet
2160414561,retweet
2689207430,retweet
2515256940,retweet
1826064841,retweet
1783140770,retweet
2923647505,retweet
2131917384,retweet
2721237781,retweet
1018669437,retweet
1557797092,retweet
1075964943,retweet
2145273177,retweet
2505513355,retweet
2961045904,retweet
1895272641,retweet
3001727423,retweet
2950026694,retweet
1771140437,retweet
1477045392,retweet
2054793217,retweet
1777697274,retweet
2437229713,retweet
2089682643,retweet
2158697171,retweet
3119601702,retweet
2345755603,retweet
2099272627,retweet
1788687223,retweet
1594489537,retweet
2709577332,retweet
2280280313,retweet
1668743191,retweet
1683963007,retweet
2552014024,retweet
3183040584,retweet
1074812874,retweet
2139920133,retweet
3191990897,retweet
1737149895,retweet
2851898452,retweet
2537078054,retweet
2994808311,retweet
2164887935,retweet
3513875360,retweet
2608494712,retweet
2981234814,retweet
1745076007,retweet
2606963900,retweet
2395641294,retweet
1054837625,retweet
2706622577,retweet
1802650282,retweet
1249819153,retweet
1842262067,retweet
1639483893,retweet
2893051183,retweet
2404164252,retweet
1650111241,retweet
1943052575,retweet
1193258161,retweet
3268113293,retweet
1280289893,retweet
1007690313,retweet
2142863764,retweet
1812831342,retweet
1938753865,retweet
1351063182,retweet
1255182351,retweet
1553157427,retweet
2044992294,retweet
1712241330,retweet
2283406765,retweet
2399829593,retweet
1646255843,retweet
2300970037,retweet
1747607157,retweet
1762698011,retweet
2712356303,retweet
2156460914,retweet
1759354161,retweet
2708911867,retweet
1764222885,retweet
2714084102,retweet
1834351181,retweet
3622512610,retweet
1696853901,retweet
3730814647,retweet
1721449743,retweet
1799885127,retweet
2129457763,retweet
1834257884,retweet
1417570095,retweet
1644489953,retweet
1662943705,retweet
2609185775,retweet
2571971140,retweet
1985551380,retweet
1885454921,retweet
1830380301,retweet
3206603957,retweet
1805386480,retweet
2606861081,retweet
2365814954,retweet
2607388142,retweet
2527591395,retweet
1695700300,retweet
2141760997,retweet
2044957395,retweet
2800911310,retweet
2663720145,retweet
3403262444,retweet
1417075813,retweet
2496739535,retweet
1987163183,retweet
1081273845,retweet
1696728877,retweet
1889213710,retweet
1945805232,retweet
1652801553,retweet
1638782947,retweet
1291250387,retweet
1593933550,retweet
2716523850,retweet
2267417204,retweet
2146525962,retweet
1855113077,retweet
2708929667,retweet
2505277242,retweet
1820119561,retweet
2717022691,retweet
1738838892,retweet
1678862287,retweet
2863204154,retweet
3276810147,retweet
2483542434,retweet
2859815172,retweet
2145315721,retweet
2638377242,retweet
2706734193,retweet
2043129485,retweet
1049328060,retweet
1783865715,retweet
2885497004,retweet
1835812695,retweet
2623080440,retweet
1175083165,retweet
2799368122,retweet
3243017180,retweet
3704217361,retweet
3167374242,retweet
2951460331,retweet
2290754983,retweet
1529474820,retweet
1775767857,retweet
2298466493,retweet
3301737742,retweet
2634104453,retweet
2549842207,retweet
2041070173,retweet
1396745274,retweet
1278244191,retweet
2822494372,retweet
2533633530,retweet
2282201403,retweet
2863304174,retweet
2202936674,retweet
3547861755,retweet
1795453603,retweet
3379551102,retweet
1823969967,retweet
1595815392,retweet
2756560454,retweet
3062287903,retweet
3202786254,retweet
2337633430,retweet
2708513461,retweet
1275849053,retweet
3633515512,retweet
1639331332,retweet
2309869704,retweet
2708841277,retweet
2734891975,retweet
3750298982,retweet
1901811872,retweet
3749766171,retweet
2812734820,retweet
1856337970,retweet
1481944214,retweet
2191509210,retweet
1764764464,retweet
1648237865,retweet
2297156323,retweet
2762663280,retweet
2606892862,retweet
1747501965,retweet
2542292354,retweet
1471234522,retweet
3541851433,retweet
2886322374,retweet
3391520684,retweet
1722058350,retweet
2797453164,retweet
1240780365,retweet
2216136332,retweet
1729231173,retweet
2990442350,retweet
2569420337,retweet
1610220453,retweet
2317382462,retweet
1882915007,retweet
1877910804,retweet
2715540431,retweet
1993350880,retweet
1481638480,retweet
1733143227,retweet
2622056220,retweet
2852891864,retweet
2930744304,retweet
3199175283,retweet
1748032203,retweet
2236086802,retweet
1199426382,retweet
1764234824,retweet
2626682903,retweet
1790235721,retweet
1419058457,retweet
1938242962,retweet
3555291942,retweet
1688547585,retweet
2616751667,retweet
2606899352,retweet
2860753602,retweet
1666978981,retweet
1907915273,retweet
1080839344,retweet
1749127163,retweet
1372391882,retweet
1704832685,retweet
1897320685,retweet
3225338071,retweet
1851624617,retweet
3201861671,retweet
1996060797,retweet
1956025337,retweet
1788956681,retweet
2006620184,retweet
2392698870,retweet
3551342655,retweet
2185599814,retweet
3665910083,retweet
1984674723,retweet
1762696131,retweet
1938165915,retweet
2742823781,retweet
1692268254,retweet
3175797234,retweet
1851763180,retweet
3182458184,retweet
1901100733,retweet
2302672780,retweet
1828619343,retweet
1561564790,retweet
2606938454,retweet
2713686834,retweet
2231283485,retweet
1066324537,retweet
1565802777,retweet
1253347132,retweet
2617374230,retweet
2874978092,retweet
3482634053,retweet
1736005802,retweet
1562392787,retweet
3037125942,retweet
1659648213,retweet
1779299831,retweet
2126041695,retweet
1784570334,retweet
2615577972,retweet
2233187820,retweet
1358776365,retweet
1570610520,retweet
1706693320,retweet
2240626070,retweet
2372935895,retweet
3180544263,retweet
2261373965,retweet
3201433533,retweet
1980465571,retweet
1775631332,retweet
2481950084,retweet
1881487705,retweet
2116588072,retweet
2324786692,retweet
1601606972,retweet
1804579782,retweet
2209939314,retweet
2394530374,retweet
1675027771,retweet
1935084477,retweet
1853425063,retweet
2683689883,retweet
1812581591,retweet
2866275992,retweet
1253444373,retweet
1644114654,retweet
1958352177,retweet
1852568813,retweet
2811623074,retweet
1784396641,retweet
1283022704,retweet
2650376261,retweet
2796392322,retweet
1807135621,retweet
2636477562,retweet
1928302474,retweet
3008065865,retweet
1676526491,retweet
3054506200,retweet
2631717392,retweet
2861603594,retweet
1758887252,retweet
1195818302,retweet
1792866967,retweet
1585354514,retweet
1295718153,retweet
2166073161,retweet
2704167803,retweet
1897850412,retweet
1571754513,retweet
3616748320,retweet
1908709091,retweet
1676818894,retweet
1912928743,retweet
3622517191,retweet
2953540743,retweet
2563903834,retweet
3249013240,retweet
2880695972,retweet
2476216865,retweet
2713569430,retweet
1751636580,retweet
2298873110,retweet
1765708545,retweet
3736187612,retweet
2661886970,retweet
1782415244,retweet
1901630957,retweet
2055410091,retweet
1770151472,retweet
1648402955,retweet
2795716754,retweet
2214174707,retweet
1590956147,retweet
2559158671,retweet
2759673444,retweet
3769878817,retweet
3746548747,retweet
2278892160,retweet
1883672675,retweet
1975891090,retweet
1767076720,retweet
1589153251,retweet
2427940370,retweet
1980820184,retweet
2230629853,retweet
1149192661,retweet
1119453103,retweet
2683543891,retweet
3278512437,retweet
2675322102,retweet
2720114044,retweet
1893886335,retweet
31834268,retweet
3182655070,retweet
2288740481,retweet
3430150894,retweet
2278045733,retweet
2491080335,retweet
1649155730,retweet
2611205343,retweet
2848022412,retweet
1840884165,retweet
2273489115,retweet
3082730814,retweet
2550884584,retweet
1742460685,retweet
2219238497,retweet
1827408261,retweet
1852220282,retweet
1668589317,retweet
3762996615,retweet
3041981495,retweet
2206713437,retweet
2425047701,retweet
2462670561,retweet
2824603363,retweet
3128085257,retweet
1905941743,retweet
1768426822,retweet
1963041687,retweet
2173945402,retweet
3233461227,retweet
2190298703,retweet
1593435521,retweet
1752991365,retweet
2122894185,retweet
3049817110,retweet
1648868074,retweet
1708094082,retweet
3358095304,retweet
2309930822,retweet
1768659120,retweet
1496913734,retweet
1791811587,retweet
1563134600,retweet
1638990992,retweet
1670363364,retweet
3133173374,retweet
2411013644,retweet
2133741784,retweet
1795170093,retweet
1734724365,retweet
3379041282,retweet
3594593741,retweet
1252371280,retweet
1424710994,retweet
2110874342,retweet
1870983480,retweet
1841391791,retweet
3669715611,retweet
1732528022,retweet
1773083760,retweet
2296364145,retweet
1809263861,retweet
1065111437,retweet
1736584917,retweet
1642286230,retweet
2060903445,retweet
1764392591,retweet
2116182794,retweet
2425526397,retweet
2884926574,retweet
2726989641,retweet
2024826892,retweet
2911543543,retweet
1941200382,retweet
2519323870,retweet
2246141871,retweet
2714311382,retweet
2474841654,retweet
2237790173,retweet
1567749362,retweet
3170758034,retweet
1644574352,retweet
1742498487,retweet
1649212790,retweet
1840184081,retweet
2930031072,retweet
2922972682,retweet
2392007073,retweet
2074627987,retweet
2606919782,retweet
2887690470,retweet
1971301597,retweet
1824587794,retweet
2422450644,retweet
2571978592,retweet
2242345692,retweet
2518349655,retweet
2282463515,retweet
2770854364,retweet
2606969642,retweet
2625102184,retweet
1402551940,retweet
3213891562,retweet
1803896844,retweet
1913382117,retweet
3692728723,retweet
1769278042,retweet
1053840427,retweet
1591142407,retweet
1263406744,retweet
2156460415,retweet
1662429125,retweet
3327385314,retweet
1765250702,retweet
1943087860,retweet
1773052370,retweet
1761216793,retweet
2583488094,retweet
1778979745,retweet
1894383393,retweet
2644931262,retweet
3199262547,retweet
1646304805,retweet
1402138343,retweet
2273867503,retweet
1419466663,retweet
3243605871,retweet
1764669250,retweet
2215954067,retweet
1642398891,retweet
1898599615,retweet
3316555161,retweet
1746677274,retweet
3218219782,retweet
2514300384,retweet
2850014655,retweet
1648330457,retweet
1766730075,retweet
1827467717,retweet
2420259703,retweet
3739786575,retweet
1648412842,retweet
3459965242,retweet
1765124507,retweet
1562320373,retweet
2771420062,retweet
2195669270,retweet
2820615690,retweet
1729013651,retweet
2477668744,retweet
1932361534,retweet
2806852613,retweet
2440156781,retweet
1408219262,retweet
1562543564,retweet
3306911303,retweet
1842547490,retweet
2714101054,retweet
2218504263,retweet
1400844280,retweet
3059050513,retweet
1576245224,retweet
2711511694,retweet
1736499781,retweet
1852657525,retweet
1722836051,retweet
1645826702,retweet
1686199162,retweet
2708776393,retweet
2935152047,retweet
2936900902,retweet
2149416084,retweet
1497162881,retweet
2788950787,retweet
1691515770,retweet
1706987705,retweet
1295609983,retweet
2282752320,retweet
2284592554,retweet
3148649370,retweet
2707803291,retweet
2047346925,retweet
2355441347,retweet
1745370703,retweet
1784392831,retweet
1900372975,retweet
2508868000,retweet
2739136880,retweet
1741784753,retweet
1786994205,retweet
1657421782,retweet
2122993094,retweet
2044126551,retweet
3216764205,retweet
1622746384,retweet
1900890364,retweet
2454679971,retweet
1784251614,retweet
2215952723,retweet
2827734847,retweet
1193491727,retweet
2183466332,retweet
2282261525,retweet
1748171452,retweet
2173813084,retweet
1798124711,retweet
2548489403,retweet
3074501785,retweet
2834276681,retweet
1892936661,retweet
1789834424,retweet
1700867777,retweet
2526875913,retweet
2199768890,retweet
2165259481,retweet
2231241171,retweet
3539632795,retweet
2574868234,retweet
2720825560,retweet
2030360931,retweet
1828483985,retweet
1733775307,retweet
2528302757,retweet
1731548820,retweet
3078202693,retweet
2696303022,retweet
2203074330,retweet
1901069411,retweet
1670032377,retweet
2668991693,retweet
1966380590,retweet
2845860664,retweet
2708629577,retweet
1298535315,retweet
2415135112,retweet
2710545001,retweet
2764114452,retweet
1866595587,retweet
2683912785,retweet
1997544897,retweet
1025884674,retweet
2995702102,retweet
1658364043,retweet
1670458304,retweet
2451582882,retweet
2067756135,retweet
2480146047,retweet
3102105354,retweet
2084539071,retweet
1640571365,retweet
2045049137,retweet
1850035741,retweet
2694596801,retweet
2141853335,retweet
1651428902,retweet
1842136381,retweet
1869607230,retweet
2602288547,retweet
1830438495,retweet
3542371842,retweet
3231842602,retweet
1040242307,retweet
3034644255,retweet
1688498547,retweet
1913607204,retweet
1805187662,retweet
1914000015,retweet
1791808013,retweet
1243477063,retweet
1321406203,retweet
2628664361,retweet
2001440372,retweet
3618099141,retweet
1791471553,retweet
1924523030,retweet
2290787940,retweet
2754185587,retweet
1832164463,retweet
2141002907,retweet
3268143457,retweet
3253357762,retweet
2231256045,retweet
2780173797,retweet
2710257782,retweet
1923210664,retweet
2342740235,retweet
1926942907,retweet
1890443153,retweet
1678943394,retweet
2002435741,retweet
2744815661,retweet
2611033257,retweet
1218346612,retweet
1868120090,retweet
2370624892,retweet
1873251430,retweet
1621894121,retweet
1243578692,retweet
1688558522,retweet
2071730227,retweet
1799704402,retweet
3298362157,retweet
2660062233,retweet
3090367747,retweet
1657682973,retweet
2296751051,retweet
1790047315,retweet
1905655947,retweet
2067754493,retweet
1687442645,retweet
1773247911,retweet
1658545830,retweet
1733671614,retweet
2120718982,retweet
1768791205,retweet
2052064927,retweet
2230644551,retweet
2440208430,retweet
2434149275,retweet
2718135312,retweet
2476191917,retweet
2993177382,retweet
1742566624,retweet
1756457695,retweet
1271327055,retweet
2160219601,retweet
2611052107,retweet
1807135005,retweet
1756846485,retweet
1594225022,retweet
2610874582,retweet
2642771370,retweet
2161405773,retweet
2143550005,retweet
2143579695,retweet
1660730333,retweet
1932083413,retweet
2451761334,retweet
3210152437,retweet
1453471333,retweet
1746528334,retweet
2714167154,retweet
2893952637,retweet
2177015850,retweet
1945736080,retweet
2868850374,retweet
2010577105,retweet
2705092064,retweet
2395825740,retweet
1892377194,retweet
2183262984,retweet
1924011973,retweet
1955145213,retweet
2625132992,retweet
1846813865,retweet
1097414213,retweet
2189773042,retweet
1495452561,retweet
2808453952,retweet
1749150833,retweet
1731215481,retweet
1727006174,retweet
2799010270,retweet
3770112534,retweet
3229125510,retweet
2887716902,retweet
1787759310,retweet
1990309453,retweet
3029239055,retweet
1882843351,retweet
2352001195,retweet
3170481671,retweet
1130495504,retweet
1959210547,retweet
2028685805,retweet
1937908342,retweet
2417639493,retweet
1728944337,retweet
1949305065,retweet
1957937000,retweet
2217201634,retweet
1639127253,retweet
2750971883,retweet
1821555443,retweet
1860854852,retweet
2890791474,retweet
2611953684,retweet
1036350731,retweet
1797988494,retweet
2610883974,retweet
2165372481,retweet
3313032925,retweet
2254236292,retweet
3147100445,retweet
1782928695,retweet
1768404112,retweet
1807431510,retweet
3392867054,retweet
1855307167,retweet
2765526574,retweet
1942608883,retweet
1663604847,retweet
1772051135,retweet
2629415653,retweet
1765406874,retweet
1851599793,retweet
1852791491,retweet
2000034367,retweet
2708561137,retweet
2814348722,retweet
2929086564,retweet
2693166101,retweet
1884475047,retweet
2309917612,retweet
1648782501,retweet
2799383697,retweet
1902391142,retweet
2788176411,retweet
2120192821,retweet
1688175751,retweet
1823433920,retweet
1909595003,retweet
2240075810,retweet
2606903142,retweet
1105342763,retweet
2215768613,retweet
2497028981,retweet
2606885814,retweet
1927610833,retweet
1415557250,retweet
1686473495,retweet
3673462904,retweet
2660139484,retweet
1236067507,retweet
3225618982,retweet
1740522895,retweet
2301693247,retweet
2805320231,retweet
2173547353,retweet
1760369714,retweet
2118094607,retweet
1747582142,retweet
1868335854,retweet
1893765037,retweet
1818451803,retweet
2622160983,retweet
3566445063,retweet
2151866103,retweet
2613982292,retweet
2822964334,retweet
1676740331,retweet
2681259021,retweet
1765099943,retweet
1846493401,retweet
1809128742,retweet
2661255921,retweet
2893049627,retweet
2862736674,retweet
3516161351,retweet
1735047885,retweet
1803570001,retweet
2162803937,retweet
2085234031,retweet
2750806842,retweet
2884883284,retweet
2232509425,retweet
1836940743,retweet
1761938824,retweet
2898552374,retweet
1895248765,retweet
3009017133,retweet
1149216974,retweet
1673179932,retweet
1805897647,retweet
1949698875,retweet
1936893997,retweet
2037096940,retweet
2445041891,retweet
1372925063,retweet
1496825941,retweet
1682184751,retweet
1632065890,retweet
2160715591,retweet
2453411002,retweet
1903750335,retweet
1848090933,retweet
2018901754,retweet
2793442190,retweet
2712352404,retweet
3577623123,retweet
2627997872,retweet
1765291803,retweet
2185487144,retweet
2818552584,retweet
3771583462,retweet
1851551315,retweet
1905375702,retweet
1769946203,retweet
2203343884,retweet
1834427621,retweet
2711307095,retweet
2431328567,retweet
1790942835,retweet
1800304817,retweet
1028410180,retweet
2664085582,retweet
2707088224,retweet
2043408047,retweet
1836080194,retweet
1752216910,retweet
1879620961,retweet
1916063253,retweet
2359160964,retweet
1960278500,retweet
3166052113,retweet
1892542061,retweet
2699330534,retweet
2174108652,retweet
1833963193,retweet
1724005695,retweet
1996847921,retweet
1676228365,retweet
2477971432,retweet
1799099291,retweet
1726393244,retweet
2606942864,retweet
1651685554,retweet
1674567520,retweet
3762484057,retweet
1764712874,retweet
1765704812,retweet
2409452964,retweet
3211808215,retweet
1923314612,retweet
3209903582,retweet
2034228980,retweet
2549511007,retweet
1821898647,retweet
1541883784,retweet
2611995487,retweet
1939417770,retweet
2517667477,retweet
1796445350,retweet
1788551357,retweet
2728523921,retweet
1757041361,retweet
2408264432,retweet
2493592183,retweet
1740348805,retweet
1805734167,retweet
1839807553,retweet
2786025860,retweet
1912691083,retweet
1627825392,retweet
1964959441,retweet
1940798632,retweet
1940996017,retweet
2366139377,retweet
1689733000,retweet
2043315071,retweet
1764226841,retweet
1852352553,retweet
2606930794,retweet
1038330705,retweet
2606843472,retweet
1710546672,retweet
1916865997,retweet
1701401324,retweet
2283550152,retweet
2318703757,retweet
2672427433,retweet
3194697104,retweet
2504747281,retweet
1931750533,retweet
1380265057,retweet
2708140762,retweet
2498745152,retweet
1854471750,retweet
1684866844,retweet
1740924574,retweet
2044988734,retweet
1774988281,retweet
2485964454,retweet
2641622073,retweet
1627893595,retweet
2606968410,retweet
1807715644,retweet
2408023374,retweet
2173849572,retweet
2865977962,retweet
2551659631,retweet
1862305945,retweet
3482888630,retweet
1492517883,retweet
2230826900,retweet
2176207971,retweet
2319068441,retweet
1829942640,retweet
2238700785,retweet
2269366563,retweet
1771398060,retweet
2065263975,retweet
3051209303,retweet
2004443102,retweet
2893932102,retweet
2829472775,retweet
2268354812,retweet
3291359377,retweet
1930884214,retweet
1973632934,retweet
1831926950,retweet
1646465281,retweet
1221895385,retweet
1991194723,retweet
2772941304,retweet
2608609467,retweet
2368682673,retweet
1310983223,retweet
1327951404,retweet
2868693374,retweet
3017162547,retweet
1871282724,retweet
2137835744,retweet
2127517251,retweet
1784757412,retweet
1663875882,retweet
1980833587,retweet
1644587232,retweet
1744825901,retweet
1867021795,retweet
2460629804,retweet
1042940955,retweet
2154411657,retweet
1217330363,retweet
2752705652,retweet
1670183810,retweet
1900271661,retweet
1215840780,retweet
1216935175,retweet
2495094190,retweet
2059161420,retweet
2654601540,retweet
1821959415,retweet
1147562814,retweet
3228016330,retweet
2827087910,retweet
2791616357,retweet
3315898830,retweet
2332730345,retweet
3286645613,retweet
1868493575,retweet
3536932507,retweet
2946707574,retweet
1823968847,retweet
1497878455,retweet
1793865562,retweet
1937649537,retweet
1845194322,retweet
2182828352,retweet
1812306225,retweet
3754288172,retweet
1988271815,retweet
1832444080,retweet
1405603123,retweet
1813153321,retweet
2095611192,retweet
3043341432,retweet
3253628263,retweet
3298987475,retweet
1782098567,retweet
2139809494,retweet
1014268115,retweet
1791348527,retweet
2489834492,retweet
1875569297,retweet
2081773115,retweet
1827370530,retweet
1757142323,retweet
3227852213,retweet
1276736527,retweet
1889446767,retweet
1846942992,retweet
1842743691,retweet
3760283610,retweet
1772833392,retweet
2196649937,retweet
2089721401,retweet
2206834243,retweet
1490372962,retweet
2711383631,retweet
1651151495,retweet
1807679540,retweet
1718714652,retweet
3392936314,retweet
1725252714,retweet
1686001015,retweet
1825453211,retweet
1844906924,retweet
1786626185,retweet
1494720324,retweet
2023307035,retweet
1364552715,retweet
1819954430,retweet
2607667467,retweet
1742121542,retweet
2140585607,retweet
2215957967,retweet
3091280104,retweet
1685560041,retweet
1781915175,retweet
1850093754,retweet
1657628163,retweet
1740577714,retweet
3431017490,retweet
2114119925,retweet
1780147353,retweet
1733770795,retweet
1310872334,retweet
2191234461,retweet
1559383255,retweet
2787079724,retweet
2299019301,retweet
1915786877,retweet
1715018400,retweet
2610990327,retweet
1639404737,retweet
2032414481,retweet
2819027752,retweet
2365961811,retweet
2122747101,retweet
2823417024,retweet
2729025234,retweet
2398285482,retweet
1900255874,retweet
1771295435,retweet
2249930312,retweet
1774709724,retweet
2707505983,retweet
2126003051,retweet
2055438085,retweet
2896037885,retweet
2719150250,retweet
2614419625,retweet
2708857767,retweet
1889853563,retweet
1631015723,retweet
1068646161,retweet
2636426251,retweet
1744136925,retweet
1936448747,retweet
1223167784,retweet
1496936737,retweet
1958220302,retweet
2625481001,retweet
2231350825,retweet
3034501541,retweet
1638781994,retweet
2519379874,retweet
1400798461,retweet
2560174510,retweet
2158455815,retweet
1786142502,retweet
1653696242,retweet
2041697485,retweet
1267580610,retweet
2155279492,retweet
1635764393,retweet
1670421223,retweet
1744332207,retweet
2657844060,retweet
2528168852,retweet
1251889924,retweet
2615417307,retweet
2272015132,retweet
1768217411,retweet
2565928287,retweet
2099931404,retweet
3085436137,retweet
2994832053,retweet
2933422522,retweet
2010075304,retweet
2476304664,retweet
1919955065,retweet
2078285177,retweet
1856307031,retweet
2503329332,retweet
1809532262,retweet
2716839141,retweet
3206148454,retweet
1643965847,retweet
3720765535,retweet
3202612230,retweet
1588031521,retweet
2583291771,retweet
1672335485,retweet
1195347197,retweet
1618051664,retweet
2640013804,retweet
2189608911,retweet
2292488540,retweet
2551950014,retweet
1749205637,retweet
2088566007,retweet
3259185964,retweet
3180541260,retweet
1919502311,retweet
3508868940,retweet
3692212401,retweet
2062571151,retweet
1054825093,retweet
1049490062,retweet
2816393510,retweet
3255948157,retweet
1962310741,retweet
2858878575,retweet
2097371660,retweet
1895286921,retweet
1798653494,retweet
1774177442,retweet
2572304762,retweet
1720144705,retweet
3016214510,retweet
2637571473,retweet
1517916214,retweet
1863185713,retweet
1948703637,retweet
2455831134,retweet
1794300291,retweet
1142208455,retweet
2262717782,retweet
2181584675,retweet
1795859045,retweet
1747311525,retweet
1676122664,retweet
2154568487,retweet
3142027531,retweet
3644441127,retweet
1682516967,retweet
1663071777,retweet
2120732830,retweet
1785257455,retweet
2122846177,retweet
2839623204,retweet
2936727572,retweet
2881815231,retweet
2112166344,retweet
2240194360,retweet
1740136220,retweet
2580257667,retweet
3163290970,retweet
1798962171,retweet
2202970572,retweet
1919857493,retweet
3265601185,retweet
2404171543,retweet
1829950944,retweet
2360304075,retweet
1687198333,retweet
1969090197,retweet
2042642991,retweet
1762858460,retweet
1736914084,retweet
2023791210,retweet
2624701304,retweet
2516683113,retweet
2356580894,retweet
1831349407,retweet
1683861132,retweet
3577141000,retweet
1886477075,retweet
2637191262,retweet
2596107115,retweet
1779837945,retweet
1656268302,retweet
2760275217,retweet
3207553234,retweet
3018237163,retweet
1865057711,retweet
1771322284,retweet
2714128364,retweet
1731285993,retweet
1741731015,retweet
2105572521,retweet
2708936087,retweet
1750294477,retweet
1587303135,retweet
2177247864,retweet
1853472775,retweet
2160492215,retweet
2823843200,retweet
1867606250,retweet
1769867744,retweet
2875799410,retweet
1582160525,retweet
1997641692,retweet
3711967547,retweet
1934125183,retweet
2602281787,retweet
1735618041,retweet
1768792852,retweet
1700757973,retweet
3188518410,retweet
1808657934,retweet
2194056905,retweet
1000942914,retweet
1907299322,retweet
2084572324,retweet
2248502817,retweet
1849710123,retweet
1668244557,retweet
2538547024,retweet
2003347594,retweet
2216695265,retweet
2034841392,retweet
3695013654,retweet
2375862680,retweet
3082334223,retweet
3256669835,retweet
2399732113,retweet
1490832227,retweet
2185608961,retweet
1829445800,retweet
2266543194,retweet
1774083471,retweet
3214721081,retweet
1882716230,retweet
1688208774,retweet
1845507601,retweet
1737968122,retweet
3122542791,retweet
2123664205,retweet
2126223845,retweet
3147985742,retweet
1412307913,retweet
1756667731,retweet
2886448180,retweet
1793638742,retweet
2575078970,retweet
1113151622,retweet
1735995023,retweet
2527613275,retweet
1877450321,retweet
3221671321,retweet
2745468794,retweet
2378552880,retweet
1919214155,retweet
1881992970,retweet
1935851213,retweet
3201769621,retweet
3096114701,retweet
1822295482,retweet
2609078527,retweet
3235021073,retweet
1959465181,retweet
1892793683,retweet
2519414790,retweet
2647045541,retweet
1893769523,retweet
1766747352,retweet
1571497285,retweet
1937405547,retweet
2881004882,retweet
1189615035,retweet
2093293674,retweet
1922722565,retweet
2209778964,retweet
2230536033,retweet
3312269652,retweet
3201230974,retweet
1896494624,retweet
1772291981,retweet
1951474502,retweet
2189715151,retweet
2207651961,retweet
3242759795,retweet
1745886025,retweet
3768524361,retweet
3228755223,retweet
3215023832,retweet
2469862671,retweet
2764724331,retweet
2682913364,retweet
2135822543,retweet
2941417347,retweet
2290334761,retweet
1233536692,retweet
1635623847,retweet
1928731043,retweet
1970628413,retweet
1885014000,retweet
1228196907,retweet
2098315994,retweet
1942652475,retweet
1062536002,retweet
1646348343,retweet
2897707115,retweet
1298064414,retweet
2581046962,retweet
1411982740,retweet
1797007051,retweet
2546343795,retweet
1803582653,retweet
1885442402,retweet
1836745744,retweet
2011786530,retweet
1663647623,retweet
2846632611,retweet
1819750005,retweet
1717851677,retweet
1924371415,retweet
3593433260,retweet
2481488117,retweet
2203174332,retweet
1920061532,retweet
1844579242,retweet
1917083333,retweet
3199483355,retweet
2818383071,retweet
2642804041,retweet
2619757360,retweet
2201145114,retweet
2216022550,retweet
2090476735,retweet
3227514625,retweet
2140227493,retweet
1214074324,retweet
2398259540,retweet
3549363502,retweet
1883179887,retweet
1961397497,retweet
1763107122,retweet
1621727523,retweet
3170690062,retweet
2519050507,retweet
1911264441,retweet
2386190475,retweet
2140284871,retweet
2502581142,retweet
1702936440,retweet
3228956517,retweet
2412705210,retweet
1825443927,retweet
1529129615,retweet
2098458430,retweet
2626658043,retweet
2828559325,retweet
2061184527,retweet
2207530771,retweet
1420174783,retweet
2329750300,retweet
2518317185,retweet
1942984603,retweet
1767212342,retweet
1911406070,retweet
2166429772,retweet
1639356433,retweet
2345290347,retweet
1851599157,retweet
2216693315,retweet
1454884585,retweet
1973827952,retweet
2241188695,retweet
1919826954,retweet
1217743083,retweet
1966886115,retweet
1551213584,retweet
2808842092,retweet
2901875775,retweet
1253846303,retweet
1833222750,retweet
2083506875,retweet
1840604224,retweet
2707031885,retweet
2681064973,retweet
3210537415,retweet
3162849630,retweet
3295745925,retweet
1650774082,retweet
1980547921,retweet
2136771945,retweet
2151151295,retweet
2217046702,retweet
3162760770,retweet
2292902681,retweet
2142488127,retweet
1710926672,retweet
2127205144,retweet
2346323587,retweet
1996794453,retweet
1739964112,retweet
2045072087,retweet
2033003484,retweet
2606875360,retweet
1679903044,retweet
2727048505,retweet
2181629375,retweet
1678402437,retweet
2711375915,retweet
1987411915,retweet
2858761234,retweet
1759600993,retweet
3684413743,retweet
2150873134,retweet
3700005851,retweet
1841388282,retweet
1340529235,retweet
2802764190,retweet
1681303267,retweet
1742037951,retweet
2981858320,retweet
1896604151,retweet
2047935624,retweet
3262380480,retweet
2292899701,retweet
2207661923,retweet
3492494700,retweet
1734457311,retweet
1735126514,retweet
2750214067,retweet
2014468641,retweet
2709304595,retweet
2116813703,retweet
1765394254,retweet
3298054094,retweet
2584268124,retweet
2438204132,retweet
2105859182,retweet
1657460331,retweet
3697895045,retweet
2729273811,retweet
1673438413,retweet
3306834463,retweet
2711286567,retweet
1109084294,retweet
2519440132,retweet
2258897240,retweet
3160599505,retweet
1865524140,retweet
2708852577,retweet
2664485327,retweet
2806884180,retweet
1750513063,retweet
2432550377,retweet
2060127212,retweet
2462774674,retweet
1883596033,retweet
1457478803,retweet
2090675067,retweet
2584605332,retweet
2126835053,retweet
3179805154,retweet
1297210292,retweet
1252373132,retweet
2093312465,retweet
2013161225,retweet
3225042382,retweet
2641160295,retweet
1829739872,retweet
2503380420,retweet
1238740540,retweet
1724597844,retweet
1806191570,retweet
2784955782,retweet
2987739722,retweet
1448595507,retweet
1729908110,retweet
1657869542,retweet
2186049352,retweet
2688477682,retweet
1837948162,retweet
2122230105,retweet
3481143541,retweet
1842922914,retweet
2617571061,retweet
1866496220,retweet
1829303331,retweet
2131720073,retweet
2116531527,retweet
1646417027,retweet
1034235780,retweet
1787538763,retweet
2367365660,retweet
3212372915,retweet
3101945993,retweet
1708471572,retweet
1509603932,retweet
1886736182,retweet
2497049731,retweet
2654393453,retweet
3589174480,retweet
1823693670,retweet
3705734252,retweet
1762700155,retweet
2512601554,retweet
2933142983,retweet
1777807805,retweet
1751443171,retweet
2404865700,retweet
1846157530,retweet
1197151844,retweet
1718405053,retweet
2357351067,retweet
1952225710,retweet
2480236213,retweet
1787135414,retweet
3147375791,retweet
3579902784,retweet
1552302990,retweet
3771561792,retweet
2606912002,retweet
2954628970,retweet
1907459071,retweet
2336769711,retweet
1775754835,retweet
3223562613,retweet
2677817860,retweet
1679226530,retweet
2725017025,retweet
1935416251,retweet
2163526675,retweet
2452471944,retweet
2841302403,retweet
2885113690,retweet
3095286601,retweet
2702124620,retweet
2704824224,retweet
2366532154,retweet
1640494672,retweet
1749890081,retweet
2715354512,retweet
2823284982,retweet
3408874160,retweet
1846616005,retweet
2355198873,retweet
2269710922,retweet
2161304867,retweet
1924842983,retweet
2545441294,retweet
2895755443,retweet
1688876670,retweet
1794308181,retweet
1132388881,retweet
2045981475,retweet
1666754140,retweet
2099237495,retweet
3542735494,retweet
1198367585,retweet
2438265760,retweet
1975109724,retweet
2467251672,retweet
1585662670,retweet
2682569593,retweet
2606954050,retweet
1261340881,retweet
2817359924,retweet
2174053955,retweet
1628951200,retweet
2511772174,retweet
1935392370,retweet
3622273694,retweet
1879778060,retweet
2381257541,retweet
1993600447,retweet
1651593604,retweet
1260293657,retweet
2971682261,retweet
1095240537,retweet
3189684122,retweet
1400887105,retweet
2704529885,retweet
2252187875,retweet
1637287967,retweet
2780821631,retweet
2471806201,retweet
1807134561,retweet
1012351072,retweet
1850366757,retweet
3679254613,retweet
1828348702,retweet
1400776392,retweet
2003860297,retweet
1888729351,retweet
3192597580,retweet
2344756615,retweet
1259502087,retweet
3257590164,retweet
3107635547,retweet
2396244194,retweet
2162706231,retweet
1733343111,retweet
2711562273,retweet
1703358167,retweet
2042320123,retweet
2415848337,retweet
1759412397,retweet
2859415372,retweet
1711761021,retweet
3646454402,retweet
3054324355,retweet
2519032183,retweet
2358815232,retweet
1989746730,retweet
1615743184,retweet
2489839700,retweet
1757353251,retweet
1685246593,retweet
1281062667,retweet
2675802031,retweet
3041324103,retweet
1877115885,retweet
1847662497,retweet
1764098083,retweet
1277349190,retweet
1931348731,retweet
3362683514,retweet
1853461171,retweet
2731024757,retweet
2091123092,retweet
2671629681,retweet
1195525064,retweet
1212641822,retweet
2728640987,retweet
2105174780,retweet
2256841532,retweet
1133914947,retweet
1529124462,retweet
2508716190,retweet
1728557210,retweet
1938699281,retweet
2255657111,retweet
2154190020,retweet
1757138607,retweet
2734342112,retweet
2845116505,retweet
2328516855,retweet
1764208435,retweet
2843425087,retweet
1826129260,retweet
2194787057,retweet
2299010775,retweet
1968554935,retweet
3541430747,retweet
2204021152,retweet
1650794117,retweet
1949136972,retweet
2101413011,retweet
1786118671,retweet
2127515345,retweet
1284032347,retweet
1604816167,retweet
1740961621,retweet
2380805962,retweet
1042082241,retweet
2674101847,retweet
1769376603,retweet
1980478177,retweet
2244250502,retweet
2028308787,retweet
2215605707,retweet
1900887504,retweet
3110097561,retweet
2347924600,retweet
1762170660,retweet
1483330984,retweet
2122506831,retweet
3256098247,retweet
1815131761,retweet
2706981292,retweet
2276701591,retweet
2115176080,retweet
1780559404,retweet
1829464883,retweet
2173580321,retweet
2680493661,retweet
2527605775,retweet
2050690913,retweet
2711063125,retweet
2138637451,retweet
1323527941,retweet
2764572100,retweet
1977889092,retweet
1765894505,retweet
3206325802,retweet
1922434950,retweet
2606880752,retweet
2281925754,retweet
1272780771,retweet
2525235360,retweet
1134796120,retweet
2137178193,retweet
2122216355,retweet
1642635773,retweet
1837869620,retweet
1642326133,retweet
1771502415,retweet
2372600833,retweet
2251698072,retweet
1180317443,retweet
1900093822,retweet
2117764784,retweet
1729156630,retweet
3208245947,retweet
1260583010,retweet
2089735680,retweet
1660895525,retweet
2047306674,retweet
2949809160,retweet
2258337862,retweet
1645068857,retweet
2463007930,retweet
2285573262,retweet
1676921022,retweet
2996975491,retweet
1869660691,retweet
1214219230,retweet
2613022645,retweet
1870113224,retweet
2103460752,retweet
1647170920,retweet
1358023322,retweet
1345597125,retweet
2446112963,retweet
1781485927,retweet
1770308990,retweet
2033336944,retweet
1852344357,retweet
1938691094,retweet
1736270784,retweet
1651708052,retweet
3653134743,retweet
2138568042,retweet
3181657405,retweet
2003731313,retweet
1774676624,retweet
2288244305,retweet
2158465751,retweet
2561034211,retweet
2090143272,retweet
1967121542,retweet
2181990531,retweet
2628762291,retweet
2609269865,retweet
1707074543,retweet
3474637754,retweet
3211775241,retweet
1726999052,retweet
3765911163,retweet
3763624745,retweet
2501609252,retweet
1925432872,retweet
1899988601,retweet
1783206023,retweet
1118249113,retweet
2324203112,retweet
1342269790,retweet
3612407691,retweet
2355729787,retweet
3002507243,retweet
1715239660,retweet
1893749465,retweet
2475427814,retweet
1765770894,retweet
2203951984,retweet
2126870482,retweet
3018218037,retweet
2094506880,retweet
1629960085,retweet
2144762035,retweet
1714632805,retweet
2828579552,retweet
1954522063,retweet
1093622153,retweet
1878178157,retweet
2776967751,retweet
1758504735,retweet
3478306055,retweet
1043151571,retweet
1762919454,retweet
1870586434,retweet
2236326102,retweet
1784528400,retweet
2044263792,retweet
1833784983,retweet
1817641891,retweet
3292325583,retweet
1914593867,retweet
1790787681,retweet
1770818961,retweet
2025135630,retweet
3549916270,retweet
1850396185,retweet
2235090235,retweet
1943637060,retweet
1785446222,retweet
2307232162,retweet
1657330723,retweet
1212052111,retweet
2438467242,retweet
2280643684,retweet
2120923050,retweet
2291079883,retweet
1781179247,retweet
3058915445,retweet
2096527485,retweet
3564227830,retweet
2088837015,retweet
2169047935,retweet
2872620707,retweet
1947335820,retweet
1498574530,retweet
2143285727,retweet
3008090093,retweet
2143116435,retweet
2174039701,retweet
2491648855,retweet
2490353270,retweet
3713102781,retweet
1931511414,retweet
2453752292,retweet
2832306880,retweet
2591023580,retweet
1736708753,retweet
1801986521,retweet
2437397587,retweet
1969865465,retweet
2055646735,retweet
500707,retweet
3710251100,retweet
1881929752,retweet
1737979690,retweet
1837687634,retweet
1644394154,retweet
2991571237,retweet
2973072382,retweet
1637116941,retweet
1996175733,retweet
1742297163,retweet
2946398683,retweet
1646191813,retweet
1704103183,retweet
2390156382,retweet
1742220724,retweet
1273701104,retweet
2597193227,retweet
2885599240,retweet
224558649,retweet
3557562785,retweet
3505920073,retweet
1888861417,retweet
1829449173,retweet
1926505571,retweet
1749220481,retweet
1811025214,retweet
2091654732,retweet
1851825901,retweet
3081548451,retweet
1820038114,retweet
2560136102,retweet
1762455765,retweet
2998643134,retweet
2124229037,retweet
1898589667,retweet
1069205631,retweet
1851628791,retweet
1812586854,retweet
2042034593,retweet
2359037744,retweet
1748640707,retweet
2250443042,retweet
2466399673,retweet
1898587152,retweet
1633662514,retweet
2463596752,retweet
1897054331,retweet
1992523932,retweet
1666278291,retweet
3254090545,retweet
2995293394,retweet
1841441624,retweet
1157156761,retweet
2007809874,retweet
1927686345,retweet
1367797340,retweet
3071396325,retweet
1765968520,retweet
1733787604,retweet
1900057370,retweet
2238157063,retweet
1851523563,retweet
1980914873,retweet
2171708941,retweet
1976402261,retweet
2501962367,retweet
2710191621,retweet
1773534372,retweet
1750858475,retweet
2194062671,retweet
1884839312,retweet
1765315363,retweet
2194058231,retweet
1789152110,retweet
3228648310,retweet
2821412612,retweet
2862820140,retweet
2368170332,retweet
2636180571,retweet
3120630484,retweet
2037399240,retweet
2862004770,retweet
3200503804,retweet
2150511032,retweet
3297632703,retweet
2804676791,retweet
1812511057,retweet
2709790464,retweet
2024872695,retweet
1638683665,retweet
1272651680,retweet
1308708761,retweet
2796802654,retweet
1734663697,retweet
2180246822,retweet
3036994837,retweet
1880566337,retweet
1794178892,retweet
1793009860,retweet
1786572501,retweet
2568005611,retweet
1570146320,retweet
1824214667,retweet
2708866797,retweet
2464587074,retweet
2476458562,retweet
3229979267,retweet
1004636280,retweet
1738656935,retweet
3018218007,retweet
2048258693,retweet
1742866795,retweet
2606391594,retweet
2450967661,retweet
1928244585,retweet
2997986420,retweet
2606852070,retweet
2978990134,retweet
2207302915,retweet
2694527750,retweet
3525511870,retweet
1938006145,retweet
3036838595,retweet
1787941741,retweet
2309959457,retweet
2369541364,retweet
2891002504,retweet
2829635512,retweet
2635803683,retweet
2081474535,retweet
2147536551,retweet
1149029297,retweet
1571181391,retweet
1751915795,retweet
2280670381,retweet
2239854531,retweet
2606923882,retweet
1922093267,retweet
1619962527,retweet
1936663210,retweet
2610968961,retweet
2656246571,retweet
1445429224,retweet
2519060723,retweet
2700655970,retweet
2845816057,retweet
1225094607,retweet
2219956441,retweet
2156053770,retweet
1765254211,retweet
1941805990,retweet
1898580705,retweet
1736206660,retweet
2148246800,retweet
1944842973,retweet
1878264231,retweet
3152952055,retweet
2655337692,retweet
2803208297,retweet
2216447475,retweet
2014447551,retweet
2628451122,retweet
2176438597,retweet
2707495821,retweet
1723343590,retweet
2851486534,retweet
1959026005,retweet
1680313495,retweet
1677126410,retweet
2064378614,retweet
2454575581,retweet
1432482114,retweet
3634776045,retweet
2000856035,retweet
2502835711,retweet
1846949204,retweet
2049439972,retweet
1807151513,retweet
1782650510,retweet
2868253274,retweet
1221368292,retweet
1399527877,retweet
2558359312,retweet
2177345702,retweet
1597844050,retweet
2614507401,retweet
2902766057,retweet
1815375417,retweet
2231296431,retweet
1766948523,retweet
3722876013,retweet
1762756231,retweet
2341019062,retweet
1917575817,retweet
1761587065,retweet
2905161970,retweet
1675693152,retweet
1893546194,retweet
1683490785,retweet
2024404645,retweet
1389537561,retweet
1646068663,retweet
1742013781,retweet
1676582524,retweet
1967115777,retweet
1862506300,retweet
1685651040,retweet
2175338034,retweet
3018237147,retweet
3108301035,retweet
1494047463,retweet
1988453817,retweet
3342175270,retweet
1604785751,retweet
2336678851,retweet
2528304803,retweet
2610981691,retweet
2160479191,retweet
1891607040,retweet
2938362205,retweet
1083535803,retweet
3108218431,retweet
2714979235,retweet
2212589105,retweet
2238378220,retweet
1249902564,retweet
2182855420,retweet
1411482802,retweet
2272626697,retweet
1894312965,retweet
1967076191,retweet
3195089937,retweet
2639989783,retweet
1796469287,retweet
1922795647,retweet
1752484533,retweet
2840323891,retweet
2757911357,retweet
1847971863,retweet
1822609415,retweet
1774951444,retweet
1829963711,retweet
2732055990,retweet
2775614793,retweet
2092488475,retweet
1702896953,retweet
1932108903,retweet
3636512922,retweet
2804681813,retweet
1603057160,retweet
1785383820,retweet
1459277820,retweet
3178059874,retweet
2309867024,retweet
2554711512,retweet
2428070483,retweet
1572265010,retweet
2789617421,retweet
2664090322,retweet
1730606812,retweet
1798405604,retweet
1425930027,retweet
2206993647,retweet
2700615594,retweet
1952921033,retweet
1843849047,retweet
1693491923,retweet
1747104004,retweet
1719393191,retweet
3754236721,retweet
2461559944,retweet
2077555201,retweet
1679767197,retweet
1799966461,retweet
1798776825,retweet
2598346224,retweet
2230641783,retweet
2077362005,retweet
2499731447,retweet
2499195070,retweet
2560577382,retweet
2737551252,retweet
2512651012,retweet
2722031203,retweet
1775173527,retweet
2651698041,retweet
1832931717,retweet
2102739291,retweet
1934851957,retweet
1959605421,retweet
1250665443,retweet
1888280971,retweet
1403497553,retweet
1829625055,retweet
1197071940,retweet
1050647232,retweet
1671765893,retweet
2708026231,retweet
2852799805,retweet
2262322301,retweet
2287208761,retweet
1843403021,retweet
1671268762,retweet
2351139277,retweet
2442877383,retweet
3188654817,retweet
1561015262,retweet
1644448590,retweet
1767292122,retweet
2998680310,retweet
2870012622,retweet
1283431191,retweet
2506623115,retweet
2156045842,retweet
2645150732,retweet
1895684533,retweet
1785153754,retweet
1854262562,retweet
1720173771,retweet
1736472255,retweet
2766288453,retweet
1918383785,retweet
1921676625,retweet
2924219253,retweet
1951794357,retweet
2961596920,retweet
2067331943,retweet
1158518402,retweet
1884364267,retweet
2408562972,retweet
2606645702,retweet
1710854354,retweet
2336805301,retweet
2474117165,retweet
3209618112,retweet
1890124650,retweet
2231305221,retweet
1887974284,retweet
1749674184,retweet
2357345047,retweet
1856404484,retweet
1776266241,retweet
1866524550,retweet
2522804487,retweet
2330113880,retweet
2578372811,retweet
2244733937,retweet
1766800491,retweet
2100446984,retweet
3750696660,retweet
1036417300,retweet
1663453377,retweet
1496070307,retweet
2341511782,retweet
2823407420,retweet
2245014891,retweet
2471341017,retweet
2396438573,retweet
2711373095,retweet
2106405690,retweet
2782001517,retweet
2328628450,retweet
1797990202,retweet
1282197934,retweet
1665921522,retweet
2136693524,retweet
1404428062,retweet
1801839441,retweet
2393886580,retweet
1933032311,retweet
2374483704,retweet
2921243564,retweet
1144393351,retweet
1646030734,retweet
1962379434,retweet
2467782122,retweet
1649750547,retweet
2372416462,retweet
2179752131,retweet
1786822605,retweet
2968655232,retweet
2944247764,retweet
1801058893,retweet
2865341160,retweet
1874552552,retweet
1921673514,retweet
1785362327,retweet
2065148532,retweet
2047834011,retweet
1737483673,retweet
2797950823,retweet
3581953410,retweet
1920482463,retweet
1401563867,retweet
2615346774,retweet
3263416474,retweet
1755342265,retweet
3260112500,retweet
1780550155,retweet
2606959290,retweet
1736030795,retweet
1790139881,retweet
2908276825,retweet
1742587104,retweet
1786174113,retweet
2908379297,retweet
2566038357,retweet
1988871535,retweet
1688864597,retweet
1785499984,retweet
2603768102,retweet
1707890712,retweet
2011243921,retweet
1842328695,retweet
2138748537,retweet
1698243607,retweet
2030011431,retweet
2371263525,retweet
1221707263,retweet
1252898745,retweet
2356626975,retweet
1777022982,retweet
1947513313,retweet
1748593615,retweet
1677934207,retweet
1832447572,retweet
1786878550,retweet
2074958457,retweet
1846334780,retweet
3210252833,retweet
2158450471,retweet
2549964007,retweet
2596811683,retweet
2581070494,retweet
2806161977,retweet
2349188192,retweet
1660209951,retweet
2210284594,retweet
2628553834,retweet
2181589395,retweet
3074214393,retweet
2520254193,retweet
2830794464,retweet
2732409400,retweet
1922196194,retweet
2273198724,retweet
2976293431,retweet
1909104540,retweet
1647580752,retweet
3165142630,retweet
2415265945,retweet
2084428205,retweet
1645903643,retweet
1837701623,retweet
2813085252,retweet
1672097180,retweet
1770993300,retweet
2540409515,retweet
1800029660,retweet
2283818140,retweet
2527609665,retweet
1802393212,retweet
3513208694,retweet
1687202613,retweet
2722387481,retweet
2161793305,retweet
1746067030,retweet
1801621724,retweet
1750320141,retweet
1971861621,retweet
2789228012,retweet
2611030625,retweet
2570481764,retweet
2386497452,retweet
2560505014,retweet
3018237157,retweet
1899702230,retweet
2596958294,retweet
2121260530,retweet
2852397001,retweet
2452849660,retweet
1280846847,retweet
2255154723,retweet
1661435073,retweet
1445937283,retweet
2098437990,retweet
1967515991,retweet
3169540923,retweet
1311967407,retweet
1231497895,retweet
2127464291,retweet
1360575977,retweet
1830306972,retweet
1840413181,retweet
1682516120,retweet
1767976487,retweet
1163218074,retweet
1663723820,retweet
2086054617,retweet
3095210921,retweet
2497702267,retweet
1553190277,retweet
1793237557,retweet
2182277987,retweet
1683893815,retweet
2569477485,retweet
3149800632,retweet
1497327642,retweet
2611017127,retweet
1271908587,retweet
2288486705,retweet
3031661603,retweet
1744130551,retweet
1710500495,retweet
2358311413,retweet
1634485612,retweet
1405906767,retweet
2212020265,retweet
1955799405,retweet
1608967811,retweet
2769458511,retweet
2699434042,retweet
2054916457,retweet
2161578435,retweet
1644572034,retweet
2641472477,retweet
1950475247,retweet
2236468750,retweet
2202949224,retweet
2247695745,retweet
1781840562,retweet
1917965620,retweet
1086233511,retweet
1740961333,retweet
1547293701,retweet
1857870872,retweet
2783289805,retweet
1275632923,retweet
1826141301,retweet
1334145745,retweet
1644395354,retweet
2550562974,retweet
1650868197,retweet
2524874683,retweet
1727421577,retweet
1993926747,retweet
2374558620,retweet
1845386424,retweet
3278256467,retweet
2877056784,retweet
1762719777,retweet
1189617115,retweet
3259845044,retweet
2679761610,retweet
1928596651,retweet
1869351137,retweet
1658019174,retweet
2359610554,retweet
1742530694,retweet
1786435020,retweet
3175660207,retweet
2606891483,retweet
1878911560,retweet
2791517122,retweet
1700640805,retweet
1702048001,retweet
2874549794,retweet
2651783633,retweet
2067301197,mention
1717044522,mention
2187721524,mention
2881851312,mention
2301730674,mention
3237941642,mention
1911500994,mention
